title,date,url,type
Russland-Ukrain-Konflikt: Kiew a Moskau confirméiere Wafferou,08.05.2026,/news/international/donald-trump-annonceiert-wafferou-vun-drai-deeg-1592713170,
"Hantavirus: ""Keen neie Covid-19"" - WHO a Lëtzebuerger Inspection Sanitaire ginn Entwarnung",08.05.2026,/news/international/keen-neie-covid-19-who-a-letzebuerger-inspection-sanitaire-ginn-entwarnung-769483838,Video
Rumänesch Staatsbiergerin u Lëtzebuerg ausgeliwwert,08.05.2026,/news/international/rumanesch-staatsbiergerin-u-letzebuerg-ausgeliwwert-1224982955,
"EU-Bierger gesi Situatioun am Noen Osten als Erausfuerderung, Logement Haaptthema zu Lëtzebuerg",08.05.2026,/news/international/eu-bierger-gesi-situatioun-am-noen-osten-als-erausfuerderung-logement-haapt-thema-zu-letzebuerg-1517596443,
Grousst Feier am Bësch ronderëm fréiert Atomkraaftwierk zu Tschernobyl,08.05.2026,/news/international/grousst-feier-am-besch-ronderem-freiert-atomkraaftwierk-zu-tschernobyl-1695452420,
Ausbroch vum Hantavirus: WHO gesäit de Risiko fir d'Ëffentlechkeet als ganz niddreg,08.05.2026,/news/international/who-gesait-de-risiko-fir-deffentlechkeet-als-ganz-niddreg-889179793,
Keir Starmer ënner Drock: Däitlech Verloschter fir Labour bei de Kommunalwalen an England,08.05.2026,/news/international/england-1043953388,
"Bank zu Sinzig gestiermt, zwou Geisele befreit, Täter geflücht",08.05.2026,/news/international/bankiwwerfall-mat-geiselnam-zu-sinzig-1983486914,Video
D'Weltmierer erhëtze sech weider,08.05.2026,/news/international/dweltmierer-erhetze-sech-weider-1942924866,
"Ee Joer Leo XIV: Den éischte Poopst aus den USA ass sech net ze schued, sech mam US-President unzeleeën",08.05.2026,/news/international/den-eischte-poopst-aus-den-usa-ass-sech-net-ze-schued-sech-mam-us-president-unzeleeen-210752681,Video/Fotoen